[
    {
        "id": "LOG-694fa5ccc6f6e",
        "timestamp": "2025-12-27 14:54:28",
        "action": "checkin",
        "entity_type": "asset",
        "entity_id": "MON006",
        "description": "Returned by crew_1, condition: excellent",
        "user_id": "1",
        "user_name": "admin",
        "ip_address": "49.36.179.216",
        "user_agent": "Mozilla\/5.0 (Macintosh; Intel Mac OS X 10_15_7) AppleWebKit\/537.36 (KHTML, like Gecko) Chrome\/143.0.0.0 Safari\/537.36",
        "details": null,
        "asset_id": "MON006",
        "asset_name": "Acer monitor",
        "created_at": "2025-12-27 14:54:28",
        "updated_at": "2025-12-27 14:54:28"
    },
    {
        "id": "LOG-694fa62719885",
        "timestamp": "2025-12-27 14:55:59",
        "action": "checkin",
        "entity_type": "asset",
        "entity_id": "STO011",
        "description": "Returned by crew_1, condition: excellent",
        "user_id": "1",
        "user_name": "admin",
        "ip_address": "49.36.179.216",
        "user_agent": "Mozilla\/5.0 (Macintosh; Intel Mac OS X 10_15_7) AppleWebKit\/537.36 (KHTML, like Gecko) Chrome\/143.0.0.0 Safari\/537.36",
        "details": null,
        "asset_id": "STO011",
        "asset_name": "Asustor Nas",
        "created_at": "2025-12-27 14:55:59",
        "updated_at": "2025-12-27 14:55:59"
    },
    {
        "id": "LOG-694fa6387937e",
        "timestamp": "2025-12-27 14:56:16",
        "action": "checkin",
        "entity_type": "asset",
        "entity_id": "CAB004",
        "description": "Returned by crew_1, condition: excellent",
        "user_id": "1",
        "user_name": "admin",
        "ip_address": "49.36.179.216",
        "user_agent": "Mozilla\/5.0 (Macintosh; Intel Mac OS X 10_15_7) AppleWebKit\/537.36 (KHTML, like Gecko) Chrome\/143.0.0.0 Safari\/537.36",
        "details": null,
        "asset_id": "CAB004",
        "asset_name": "C to C cable 1",
        "created_at": "2025-12-27 14:56:16",
        "updated_at": "2025-12-27 14:56:16"
    },
    {
        "id": "LOG-694fa643548df",
        "timestamp": "2025-12-27 14:56:27",
        "action": "checkin",
        "entity_type": "asset",
        "entity_id": "CAB005",
        "description": "Returned by crew_1, condition: excellent",
        "user_id": "1",
        "user_name": "admin",
        "ip_address": "49.36.179.216",
        "user_agent": "Mozilla\/5.0 (Macintosh; Intel Mac OS X 10_15_7) AppleWebKit\/537.36 (KHTML, like Gecko) Chrome\/143.0.0.0 Safari\/537.36",
        "details": null,
        "asset_id": "CAB005",
        "asset_name": "C to C cable 2",
        "created_at": "2025-12-27 14:56:27",
        "updated_at": "2025-12-27 14:56:27"
    },
    {
        "id": "LOG-694fa6c17a969",
        "timestamp": "2025-12-27 14:58:33",
        "action": "checkin",
        "entity_type": "asset",
        "entity_id": "AUD001",
        "description": "Returned by crew_1, condition: excellent",
        "user_id": "1",
        "user_name": "admin",
        "ip_address": "49.36.179.216",
        "user_agent": "Mozilla\/5.0 (Macintosh; Intel Mac OS X 10_15_7) AppleWebKit\/537.36 (KHTML, like Gecko) Chrome\/143.0.0.0 Safari\/537.36",
        "details": null,
        "asset_id": "AUD001",
        "asset_name": "Zoom recorder H4n pro",
        "created_at": "2025-12-27 14:58:33",
        "updated_at": "2025-12-27 14:58:33"
    },
    {
        "id": "LOG-694fa6cb7181a",
        "timestamp": "2025-12-27 14:58:43",
        "action": "checkin",
        "entity_type": "asset",
        "entity_id": "OTH008",
        "description": "Returned by crew_1, condition: excellent",
        "user_id": "1",
        "user_name": "admin",
        "ip_address": "49.36.179.216",
        "user_agent": "Mozilla\/5.0 (Macintosh; Intel Mac OS X 10_15_7) AppleWebKit\/537.36 (KHTML, like Gecko) Chrome\/143.0.0.0 Safari\/537.36",
        "details": null,
        "asset_id": "OTH008",
        "asset_name": "Treebleet A2",
        "created_at": "2025-12-27 14:58:43",
        "updated_at": "2025-12-27 14:58:43"
    },
    {
        "id": "LOG-694fa6d4747d3",
        "timestamp": "2025-12-27 14:58:52",
        "action": "checkin",
        "entity_type": "asset",
        "entity_id": "OTH006",
        "description": "Returned by crew_1, condition: excellent",
        "user_id": "1",
        "user_name": "admin",
        "ip_address": "49.36.179.216",
        "user_agent": "Mozilla\/5.0 (Macintosh; Intel Mac OS X 10_15_7) AppleWebKit\/537.36 (KHTML, like Gecko) Chrome\/143.0.0.0 Safari\/537.36",
        "details": null,
        "asset_id": "OTH006",
        "asset_name": "TrebleetA1",
        "created_at": "2025-12-27 14:58:52",
        "updated_at": "2025-12-27 14:58:52"
    },
    {
        "id": "LOG-694fa6e0104c3",
        "timestamp": "2025-12-27 14:59:04",
        "action": "checkin",
        "entity_type": "asset",
        "entity_id": "OTH007",
        "description": "Returned by crew_1, condition: excellent",
        "user_id": "1",
        "user_name": "admin",
        "ip_address": "49.36.179.216",
        "user_agent": "Mozilla\/5.0 (Macintosh; Intel Mac OS X 10_15_7) AppleWebKit\/537.36 (KHTML, like Gecko) Chrome\/143.0.0.0 Safari\/537.36",
        "details": null,
        "asset_id": "OTH007",
        "asset_name": "Trebleet SD + Micro SD",
        "created_at": "2025-12-27 14:59:04",
        "updated_at": "2025-12-27 14:59:04"
    }
]