[
    {
        "type": "checkin",
        "asset_id": "MON006",
        "borrower_name": "crew_1",
        "recipient_email": null,
        "status": "sent",
        "sent_at": "2025-12-27 14:54:28",
        "id": 1,
        "created_at": "2025-12-27 14:54:28",
        "updated_at": "2025-12-27 14:54:28"
    },
    {
        "type": "checkin",
        "asset_id": "STO011",
        "borrower_name": "crew_1",
        "recipient_email": null,
        "status": "sent",
        "sent_at": "2025-12-27 14:55:59",
        "id": 2,
        "created_at": "2025-12-27 14:55:59",
        "updated_at": "2025-12-27 14:55:59"
    },
    {
        "type": "checkin",
        "asset_id": "CAB004",
        "borrower_name": "crew_1",
        "recipient_email": null,
        "status": "sent",
        "sent_at": "2025-12-27 14:56:16",
        "id": 3,
        "created_at": "2025-12-27 14:56:16",
        "updated_at": "2025-12-27 14:56:16"
    },
    {
        "type": "checkin",
        "asset_id": "CAB005",
        "borrower_name": "crew_1",
        "recipient_email": null,
        "status": "sent",
        "sent_at": "2025-12-27 14:56:27",
        "id": 4,
        "created_at": "2025-12-27 14:56:27",
        "updated_at": "2025-12-27 14:56:27"
    },
    {
        "type": "checkin",
        "asset_id": "AUD001",
        "borrower_name": "crew_1",
        "recipient_email": null,
        "status": "sent",
        "sent_at": "2025-12-27 14:58:33",
        "id": 5,
        "created_at": "2025-12-27 14:58:33",
        "updated_at": "2025-12-27 14:58:33"
    },
    {
        "type": "checkin",
        "asset_id": "OTH008",
        "borrower_name": "crew_1",
        "recipient_email": null,
        "status": "sent",
        "sent_at": "2025-12-27 14:58:43",
        "id": 6,
        "created_at": "2025-12-27 14:58:43",
        "updated_at": "2025-12-27 14:58:43"
    },
    {
        "type": "checkin",
        "asset_id": "OTH006",
        "borrower_name": "crew_1",
        "recipient_email": null,
        "status": "sent",
        "sent_at": "2025-12-27 14:58:52",
        "id": 7,
        "created_at": "2025-12-27 14:58:52",
        "updated_at": "2025-12-27 14:58:52"
    },
    {
        "type": "checkin",
        "asset_id": "OTH007",
        "borrower_name": "crew_1",
        "recipient_email": null,
        "status": "sent",
        "sent_at": "2025-12-27 14:59:04",
        "id": 8,
        "created_at": "2025-12-27 14:59:04",
        "updated_at": "2025-12-27 14:59:04"
    }
]